DayID,mean_sentiment,mean_compound
2018-01-20,0.5112781954887218,0.10224736842105263
2018-01-21,0.6206896551724138,0.2110919540229885
2018-01-22,0.5337837837837838,0.09185202702702706
2018-01-23,0.5547703180212014,0.13382756183745578
2018-01-24,0.5108695652173914,0.06282173913043479
2018-01-25,0.5454545454545454,0.11732000000000002
2018-01-26,0.5915492957746479,0.173912323943662
2018-01-27,0.44609665427509293,0.05953977695167291
2018-01-28,0.5735849056603773,0.15225962264150933
2018-01-29,0.5220338983050847,0.12658983050847467
2018-01-30,0.498220640569395,0.0910017793594306
2018-01-31,0.5178571428571429,0.11077035714285717
2018-02-01,0.5758620689655173,0.19970379310344832
2018-02-02,0.532608695652174,0.1138130434782608
2018-02-03,0.508833922261484,0.08168833922261479
2018-02-04,0.49416342412451364,0.08709922178988323
2018-02-05,0.4684385382059801,0.028677408637873755
2018-02-06,0.46923076923076923,0.07273038461538459
2018-02-07,0.4721189591078067,0.054104089219330895
2018-02-08,0.5053003533568905,0.09235159010600712
2018-02-09,0.46691176470588236,0.02787683823529413
2018-02-10,0.5161290322580645,0.10458172043010758
2018-02-11,0.5410447761194029,0.1341593283582091
2018-02-12,0.6006944444444444,0.19454513888888894
2018-02-13,0.47017543859649125,0.036453684210526346
2018-02-14,0.5483870967741935,0.10881433691756282
2018-02-15,0.5287769784172662,0.10751726618705035
2018-02-16,0.49473684210526314,0.10608912280701759
2018-02-17,0.5163636363636364,0.13177890909090906
2018-02-18,0.5278810408921933,0.08392007434944242
2018-02-19,0.5183823529411765,0.09335698529411764
2018-02-20,0.5851063829787234,0.15740921985815598
2018-02-21,0.5403508771929825,0.11379192982456136
2018-02-22,0.564748201438849,0.1463776978417267
2018-02-23,0.5488215488215489,0.1666131313131312
2018-02-24,0.5886792452830188,0.1909709433962264
2018-02-25,0.5793357933579336,0.16373653136531366
2018-02-26,0.5160142348754448,0.09561174377224198
2018-02-27,0.6145454545454545,0.21035418181818177
2018-02-28,0.49469964664310956,0.05825547703180211
2018-03-01,0.5387323943661971,0.1388235915492958
2018-03-02,0.4982456140350877,0.062228070175438584
2018-03-03,0.5311355311355311,0.1151205128205128
2018-03-04,0.4864864864864865,0.0730447876447876
2018-03-05,0.4894366197183099,0.11816478873239439
2018-03-06,0.5107913669064749,0.10882553956834531
2018-03-07,0.4666666666666667,0.058785263157894715
2018-03-08,0.5174825174825175,0.11493496503496504
2018-03-09,0.543859649122807,0.15331789473684215
2018-03-10,0.5547445255474452,0.1513697080291971
2018-03-11,0.5364963503649635,0.12054671532846713
2018-03-12,0.5952380952380952,0.18447210884353732
2018-03-13,0.5055350553505535,0.09836236162361628
2018-03-14,0.5285714285714286,0.11989964285714277
2018-03-15,0.43356643356643354,0.031189860139860137
2018-03-16,0.5571428571428572,0.1266807142857143
2018-03-17,0.5387323943661971,0.1561130281690141
2018-03-18,0.6007194244604317,0.19216618705035973
2018-03-19,0.5070921985815603,0.0620801418439716
2018-03-20,0.5,0.0742544117647059
2018-03-21,0.5241379310344828,0.12241172413793107
2018-03-22,0.49645390070921985,0.08335531914893618
2018-03-23,0.4748201438848921,0.011598920863309372
2018-03-24,0.5404411764705882,0.12945441176470587
2018-03-25,0.47509578544061304,0.06433639846743298
2018-03-26,0.46545454545454545,0.024376363636363627
2018-03-27,0.475177304964539,0.035407092198581576
2018-03-28,0.5111111111111111,0.11006000000000007
2018-03-29,0.5501730103806228,0.13627024221453296
2018-03-30,0.49454545454545457,0.0953298181818182
2018-03-31,0.5498154981549815,0.0833789667896679
2018-04-01,0.5315985130111525,0.12597955390334561
2018-04-02,0.4726027397260274,0.10571095890410963
2018-04-03,0.5018450184501845,0.06977970479704795
2018-04-04,0.3978102189781022,-0.04690510948905107
2018-04-05,0.46875,0.04626249999999997
2018-04-06,0.4895833333333333,0.07545000000000006
2018-04-07,0.45787545787545786,0.04288608058608058
2018-04-08,0.5252918287937743,0.1046451361867704
2018-04-09,0.44802867383512546,0.05405017921146953
2018-04-10,0.5543859649122806,0.14577052631578943
2018-04-11,0.47183098591549294,0.05368661971830987
2018-04-12,0.49477351916376305,0.0660602787456446
2018-04-13,0.5141843971631206,0.10600212765957447
2018-04-14,0.5821428571428572,0.13785892857142854
2018-04-15,0.5036764705882353,0.10677058823529416
2018-04-16,0.5424354243542435,0.11088191881918827
2018-04-17,0.5071428571428571,0.07362107142857142
2018-04-18,0.5323741007194245,0.08829964028776979
2018-04-19,0.48028673835125446,0.06624444444444445
2018-04-20,0.4413793103448276,0.004286551724137952
2018-04-21,0.5457875457875457,0.15886446886446878
2018-04-22,0.5058365758754864,0.08681050583657592
2018-04-23,0.4791666666666667,0.059355902777777775
2018-04-24,0.5477031802120141,0.1505480565371025
2018-04-25,0.4666666666666667,0.020524210526315815
2018-04-26,0.5899280575539568,0.18351402877697823
2018-04-27,0.6180555555555556,0.18447638888888884
2018-04-28,0.5347222222222222,0.17357291666666658
2018-04-29,0.5280898876404494,0.11251722846441947
2018-04-30,0.5422535211267606,0.14483661971830988
2018-05-01,0.5224489795918368,0.11398979591836732
2018-05-02,0.552901023890785,0.15409419795221835
2018-05-03,0.47232472324723246,0.04675387453874538
2018-05-04,0.5467128027681661,0.1396217993079584
2018-05-05,0.5683453237410072,0.16920971223021594
2018-05-06,0.5464684014869888,0.15078996282527882
2018-05-07,0.4891304347826087,0.08472427536231884
2018-05-08,0.5483870967741935,0.12724372759856634
2018-05-09,0.4855072463768116,0.02823333333333334
2018-05-10,0.5342960288808665,0.10544945848375452
2018-05-11,0.5090252707581228,0.1329490974729243
2018-05-12,0.5437956204379562,0.1729609489051094
2018-05-13,0.582089552238806,0.21028544776119398
2018-05-14,0.5689655172413793,0.18039586206896552
2018-05-15,0.527972027972028,0.10694160839160834
2018-05-16,0.5197132616487455,0.06992939068100362
2018-05-17,0.44802867383512546,0.03215591397849465
2018-05-18,0.4548611111111111,0.02748020833333335
2018-05-19,0.5935251798561151,0.18274928057553952
2018-05-20,0.5305343511450382,0.13560763358778627
2018-05-21,0.46938775510204084,0.055451020408163236
2018-05-22,0.45054945054945056,0.008313919413919431
2018-05-23,0.49458483754512633,0.08261407942238266
2018-05-24,0.45977011494252873,0.05042222222222221
2018-05-25,0.5609756097560976,0.14446689895470385
2018-05-26,0.4635036496350365,0.054656569343065675
2018-05-27,0.5228070175438596,0.10525964912280704
2018-05-28,0.4927007299270073,0.05060729927007299
2018-05-29,0.43478260869565216,0.003985144927536242
2018-05-30,0.49146757679180886,0.05036791808873719
2018-05-31,0.5207547169811321,0.11385698113207543
2018-06-01,0.5421245421245421,0.14803040293040295
2018-06-02,0.4417808219178082,0.020035958904109596
2018-06-03,0.46946564885496184,0.03705877862595418
2018-06-04,0.5454545454545454,0.11843345454545443
2018-06-05,0.5241379310344828,0.08995689655172419
2018-06-06,0.5424354243542435,0.1601140221402213
2018-06-07,0.5124555160142349,0.11272811387900365
2018-06-08,0.5147058823529411,0.11287977941176475
2018-06-09,0.5231316725978647,0.1436391459074734
2018-06-10,0.55078125,0.16578125000000002
2018-06-11,0.5620689655172414,0.14290931034482762
2018-06-12,0.5359712230215827,0.11396618705035966
2018-06-13,0.48905109489051096,0.03955912408759123
2018-06-14,0.5860805860805861,0.1581194139194141
2018-06-15,0.47470817120622566,0.05455914396887159
2018-06-16,0.4219858156028369,0.010003546099290777
2018-06-17,0.47265625,0.04007695312500003
2018-06-18,0.4425087108013937,0.019815679442508703
2018-06-19,0.42585551330798477,-0.037223954372623595
2018-06-20,0.4338235294117647,-0.011657720588235268
2018-06-21,0.4448669201520912,0.006273764258555141
2018-06-22,0.5527272727272727,0.12722327272727266
2018-06-23,0.5845588235294118,0.14512169117647056
2018-06-24,0.5169811320754717,0.09749207547169807
2018-06-25,0.5448275862068965,0.1285186206896552
2018-06-26,0.5263157894736842,0.09323157894736844
2018-06-27,0.42962962962962964,-0.05529444444444437
2018-06-28,0.4432234432234432,-0.0381076923076923
2018-06-29,0.48028673835125446,0.03319677419354841
2018-06-30,0.5714285714285714,0.14550039682539684
2018-07-01,0.46923076923076923,0.03700307692307692
2018-07-02,0.4492753623188406,0.009622826086956512
2018-07-03,0.43956043956043955,-0.003133333333333357
2018-07-04,0.42585551330798477,0.040826615969581766
2018-07-05,0.4874551971326165,0.055211111111111134
2018-07-06,0.4564459930313589,0.04727456445993033
2018-07-07,0.4444444444444444,0.0255415770609319
2018-07-08,0.42105263157894735,0.00046842105263157743
2018-07-09,0.5473684210526316,0.13995719298245612
2018-07-10,0.5448275862068965,0.12129517241379312
2018-07-11,0.4326241134751773,-0.007760283687943259
2018-07-12,0.4746376811594203,0.04048586956521739
2018-07-13,0.5121951219512195,0.08319616724738671
2018-07-14,0.5212765957446809,0.10481560283687948
2018-07-15,0.4889705882352941,0.050856249999999964
2018-07-16,0.5451388888888888,0.12400659722222218
2018-07-17,0.4358974358974359,0.015241025641025644
2018-07-18,0.4874551971326165,0.08626200716845876
2018-07-19,0.6014234875444839,0.2106519572953736
2018-07-20,0.4532871972318339,0.04211764705882356
2018-07-21,0.5214285714285715,0.12439571428571437
2018-07-22,0.5133079847908745,0.08716235741444867
2018-07-23,0.48788927335640137,0.00901591695501731
2018-07-24,0.512280701754386,0.09234491228070175
2018-07-25,0.4306049822064057,-0.009014946619217073
2018-07-26,0.5177304964539007,0.08850319148936167
2018-07-27,0.519163763066202,0.09849233449477349
2018-07-28,0.5963636363636363,0.2127854545454545
2018-07-29,0.5454545454545454,0.11915416666666666
2018-07-30,0.5898305084745763,0.2072230508474576
2018-07-31,0.52,0.11423890909090913
2018-08-01,0.4894366197183099,0.05807676056338027
2018-08-02,0.5474452554744526,0.14438138686131397
2018-08-03,0.503448275862069,0.08990034482758624
2018-08-04,0.42907801418439717,-0.05021631205673758
2018-08-05,0.5735849056603773,0.11181886792452832
2018-08-06,0.5150501672240803,0.0984732441471572
2018-08-07,0.44565217391304346,0.03902500000000004
2018-08-08,0.5229681978798587,0.10467208480565374
2018-08-09,0.4875444839857651,0.04319822064056937
2018-08-10,0.5087108013937283,0.051389198606271766
2018-08-11,0.5774647887323944,0.17361197183098584
2018-08-12,0.6188679245283019,0.1951588679245282
2018-08-13,0.4883720930232558,0.04453986710963454
2018-08-14,0.45588235294117646,0.03999411764705881
2018-08-15,0.4618055555555556,-0.011939930555555535
2018-08-16,0.4708029197080292,0.02327408759124088
2018-08-17,0.5085910652920962,0.07612611683848804
2018-08-18,0.4797047970479705,0.026255719557195592
2018-08-19,0.421875,-0.033743359375
2018-08-20,0.5138888888888888,0.062346874999999996
2018-08-21,0.4584837545126354,0.00014873646209391238
2018-08-22,0.45054945054945056,0.029346886446886458
2018-08-23,0.4840989399293286,0.04406501766784449
2018-08-24,0.4782608695652174,0.07597210144927538
2018-08-25,0.5512367491166078,0.15165371024734964
2018-08-26,0.5176470588235295,0.12549176470588227
2018-08-27,0.5138888888888888,0.0988868055555555
2018-08-28,0.5425531914893617,0.1260468085106383
2018-08-29,0.4731182795698925,0.07560250896057345
2018-08-30,0.5017421602787456,0.11362822299651563
2018-08-31,0.4745762711864407,0.023402711864406785
2018-09-01,0.512280701754386,0.11949754385964916
2018-09-02,0.48627450980392156,0.09742980392156861
2018-09-03,0.4876325088339223,0.05221872791519434
2018-09-04,0.4536082474226804,-0.00025841924398626134
2018-09-05,0.4336917562724014,0.0024569892473118213
2018-09-06,0.5214285714285715,0.08420357142857142
2018-09-07,0.4982456140350877,0.05851719298245616
2018-09-08,0.4412811387900356,-0.005043772241992881
2018-09-09,0.5335820895522388,0.09115223880597018
2018-09-10,0.41843971631205673,-0.0547429078014184
2018-09-11,0.4607142857142857,0.023868214285714288
2018-09-12,0.4607142857142857,0.027301071428571435
2018-09-13,0.460431654676259,0.027265467625899282
2018-09-14,0.5217391304347826,0.08999057971014493
2018-09-15,0.47985347985347987,0.08427435897435895
2018-09-16,0.5263157894736842,0.06425060728744937
2018-09-17,0.5036231884057971,0.054136956521739124
2018-09-18,0.4618320610687023,0.0019847328244274767
2018-09-19,0.5088967971530249,0.13132028469750884
2018-09-20,0.4756554307116105,0.010194007490636701
2018-09-21,0.5239852398523985,0.09500073800738021
2018-09-22,0.35424354243542433,-0.16080922509225098
2018-09-23,0.4396887159533074,-0.030484435797665372
2018-09-24,0.3655913978494624,-0.1287544802867383
2018-09-25,0.4791666666666667,0.02713958333333332
2018-09-26,0.5145985401459854,0.06331751824817518
2018-09-27,0.5071428571428571,0.11041357142857151
2018-09-28,0.4909090909090909,0.10823818181818189
2018-09-29,0.5441696113074205,0.16584734982332158
2018-09-30,0.5588235294117647,0.11292389705882366
2018-10-01,0.5259515570934256,0.11004394463667821
2018-10-02,0.5147058823529411,0.07984963235294122
2018-10-03,0.4028776978417266,-0.04231330935251797
2018-10-04,0.4014084507042254,-0.05244084507042252
2018-10-05,0.4107142857142857,-0.003831428571428568
2018-10-06,0.4647887323943662,-0.036165140845070415
2018-10-07,0.5129151291512916,0.0635372693726937
2018-10-08,0.43508771929824563,0.042436842105263155
2018-10-09,0.45195729537366547,0.007361565836298942
2018-10-10,0.4840989399293286,0.026759717314487615
2018-10-11,0.4244604316546763,-0.031229496402877643
2018-10-12,0.4456140350877193,-0.0008459649122807014
2018-10-13,0.47653429602888087,0.0659996389891697
2018-10-14,0.44921875,-0.0053515624999999995
2018-10-15,0.40636042402826855,-0.07829328621908124
2018-10-16,0.4857142857142857,0.0548835714285714
2018-10-17,0.4744525547445255,0.026844525547445236
2018-10-18,0.44642857142857145,0.03817785714285715
2018-10-19,0.4275618374558304,-0.009119434628975255
2018-10-20,0.4586206896551724,0.04872034482758622
2018-10-21,0.4601449275362319,0.015982608695652177
2018-10-22,0.43389830508474575,-0.019753559322033903
2018-10-23,0.37174721189591076,-0.10469814126394045
2018-10-24,0.35447761194029853,-0.12695932835820894
2018-10-25,0.4219858156028369,-0.009901418439716323
2018-10-26,0.3900709219858156,-0.04958156028368793
2018-10-27,0.4128113879003559,-0.017902491103202838
2018-10-28,0.5054545454545455,0.07617636363636368
2018-10-29,0.475177304964539,0.03262624113475178
2018-10-30,0.4575645756457565,0.03872177121771217
2018-10-31,0.4964788732394366,0.051934154929577474
2018-11-01,0.5283687943262412,0.1493382978723404
2018-11-02,0.5591397849462365,0.10955340501792112
2018-11-03,0.6302816901408451,0.24069647887323953
2018-11-04,0.5057034220532319,0.07690684410646387
2018-11-05,0.4300341296928328,-0.03734880546075081
2018-11-06,0.5113636363636364,0.06338409090909092
2018-11-07,0.5,0.07089233576642338
2018-11-08,0.48201438848920863,0.05338489208633094
2018-11-09,0.4763636363636364,0.03424909090909092
2018-11-10,0.4726027397260274,0.03314726027397261
2018-11-11,0.4962121212121212,0.029059469696969698
2018-11-12,0.38768115942028986,-0.06812028985507246
2018-11-13,0.44274809160305345,-0.04096106870229012
2018-11-14,0.47547169811320755,0.017611698113207556
2018-11-15,0.48398576512455516,0.04651637010676154
2018-11-16,0.5090252707581228,0.10338231046931406
2018-11-17,0.5107142857142857,0.09646392857142867
2018-11-18,0.5325670498084292,0.12055287356321825
2018-11-19,0.45819397993311034,-0.028913377926421444
2018-11-20,0.41132075471698115,-0.05725811320754716
2018-11-21,0.46096654275092935,-0.009450929368029748
2018-11-22,0.4253731343283582,-0.0380667910447761
2018-11-23,0.4007352941176471,-0.06651654411764706
2018-11-24,0.498220640569395,0.04368505338078291
2018-11-25,0.5109489051094891,0.12228540145985393
2018-11-26,0.4412811387900356,-0.0056743772241993375
2018-11-27,0.5142857142857142,0.1003075
2018-11-28,0.4701492537313433,0.0595
2018-11-29,0.4945054945054945,0.08790842490842489
2018-11-30,0.4607142857142857,0.024693214285714297
2018-12-01,0.45017182130584193,0.01670756013745706
2018-12-02,0.5223880597014925,0.07585186567164187
2018-12-03,0.4897260273972603,0.04036130136986304
2018-12-04,0.5092250922509225,0.06887084870848714
2018-12-05,0.4781021897810219,0.05470255474452553
2018-12-06,0.4269230769230769,-0.05372884615384613
2018-12-07,0.43956043956043955,-0.00014432234432232231
2018-12-08,0.5441696113074205,0.09052084805653711
2018-12-09,0.4785992217898833,0.05972256809338522
2018-12-10,0.44405594405594406,0.020674825174825176
2018-12-11,0.4620938628158845,0.05740541516245489
2018-12-12,0.5683453237410072,0.14723021582733797
2018-12-13,0.5017921146953405,0.08024802867383514
2018-12-14,0.45614035087719296,0.04247333333333331
2018-12-15,0.4945054945054945,0.1067062271062271
2018-12-16,0.5948905109489051,0.22325583941605842
2018-12-17,0.4982698961937716,0.035273356401384105
2018-12-18,0.4787234042553192,0.032040425531914905
2018-12-19,0.5128205128205128,0.061787545787545785
2018-12-20,0.3874538745387454,-0.04888376383763836
2018-12-21,0.44405594405594406,-0.056939160839160834
2018-12-22,0.5528169014084507,0.14610140845070418
2018-12-23,0.4732824427480916,0.05200496183206109
2018-12-24,0.37906137184115524,-0.09160144404332124
2018-12-25,0.4354243542435424,0.00547084870848708
2018-12-26,0.4492753623188406,0.009734057971014476
2018-12-27,0.4612546125461255,0.030630996309963115
2018-12-28,0.4797047970479705,0.030559040590405897
2018-12-29,0.45075757575757575,0.010539015151515146
2018-12-30,0.501779359430605,0.08304911032028463
2018-12-31,0.5138888888888888,0.08098368055555562
2019-01-01,0.4826254826254826,0.07772007722007719
2019-01-02,0.4858156028368794,0.03603404255319147
2019-01-03,0.42028985507246375,-0.029796014492753577
2019-01-04,0.5177304964539007,0.10432269503546102
2019-01-05,0.5218978102189781,0.14258321167883223
2019-01-06,0.47126436781609193,0.07323218390804596
2019-01-07,0.5740072202166066,0.1676216606498194
2019-01-08,0.518796992481203,0.12111954887218049
2019-01-09,0.5401459854014599,0.11420693430656939
2019-01-10,0.4784172661870504,0.05436115107913668
2019-01-11,0.5367647058823529,0.12542205882352941
2019-01-12,0.5362318840579711,0.10987318840579714
2019-01-13,0.5547169811320755,0.18550377358490563
2019-01-14,0.4250871080139373,0.02793310104529616
2019-01-15,0.49642857142857144,0.06867642857142857
2019-01-16,0.5238095238095238,0.07222600732600731
2019-01-17,0.5518518518518518,0.10677148148148155
2019-01-18,0.6199261992619927,0.2283675276752768
2019-01-19,0.39925373134328357,-0.11117873134328364
2019-01-20,0.41312741312741313,-0.03487413127413132
2019-01-21,0.4691780821917808,0.047817808219178096
2019-01-22,0.5017921146953405,0.11239749103942649
2019-01-23,0.5195729537366548,0.10085266903914591
2019-01-24,0.47985347985347987,0.05039853479853481
2019-01-25,0.5464684014869888,0.12908066914498137
2019-01-26,0.5390070921985816,0.11628333333333338
2019-01-27,0.5407407407407407,0.1354396296296296
2019-01-28,0.4647887323943662,0.0675661971830986
2019-01-29,0.479020979020979,0.06516468531468532
2019-01-30,0.48120300751879697,0.0498063909774436
2019-01-31,0.574468085106383,0.17123581560283674
2019-02-01,0.5833333333333334,0.1783916666666665
2019-02-02,0.5661764705882353,0.17545294117647062
2019-02-03,0.490272373540856,0.12207743190661481
2019-02-04,0.5052631578947369,0.1192263157894737
2019-02-05,0.5608856088560885,0.19623357933579327
2019-02-06,0.5300353356890459,0.14715795053003533
2019-02-07,0.5232974910394266,0.11448172043010753
2019-02-08,0.5141843971631206,0.12342624113475174
2019-02-09,0.5073529411764706,0.11840661764705883
2019-02-10,0.5613382899628253,0.17328438661710038
2019-02-11,0.5407407407407407,0.12451888888888889
2019-02-12,0.5054545454545455,0.09347490909090911
2019-02-13,0.49070631970260226,0.05979442379182154
2019-02-14,0.5567375886524822,0.17691347517730502
2019-02-15,0.49466192170818507,0.08975088967971526
2019-02-16,0.4626334519572954,0.08279145907473313
2019-02-17,0.5075187969924813,0.09727706766917293
2019-02-18,0.49480968858131485,0.03326608996539793
2019-02-19,0.5464285714285714,0.13277857142857147
2019-02-20,0.5905797101449275,0.18807173913043468
2019-02-21,0.5289855072463768,0.1484289855072463
2019-02-22,0.5395189003436426,0.12669725085910655
2019-02-23,0.4381625441696113,0.015751590106007053
2019-02-24,0.47794117647058826,0.06864007352941183
2019-02-25,0.48175182481751827,0.10518248175182483
2019-02-26,0.47619047619047616,0.0677190476190476
2019-02-27,0.5330882352941176,0.11821397058823525
2019-02-28,0.46785714285714286,0.06921642857142857
2019-03-01,0.5157894736842106,0.08026421052631587
2019-03-02,0.5114503816793893,0.12050572519083964
2019-03-03,0.5183823529411765,0.12245257352941182
2019-03-04,0.5913978494623656,0.17127526881720437
2019-03-05,0.5508771929824562,0.16766385964912273
2019-03-06,0.5376344086021505,0.11299175627240149
2019-03-07,0.4368231046931408,0.0006292418772563093
2019-03-08,0.475,0.02258571428571429
2019-03-09,0.4855072463768116,0.02591884057971014
2019-03-10,0.43911439114391143,0.00386236162361623
2019-03-11,0.5051903114186851,0.08682837370242215
2019-03-12,0.5588235294117647,0.13470588235294115
2019-03-13,0.5539568345323741,0.14317661870503598
2019-03-14,0.47101449275362317,0.05725507246376811
2019-03-15,0.5611510791366906,0.12131726618705041
2019-03-16,0.49280575539568344,0.08763669064748199
2019-03-17,0.5375939849624061,0.15246541353383466
2019-03-18,0.5272727272727272,0.14929709090909093
2019-03-19,0.4693140794223827,0.03737545126353793
2019-03-20,0.4666666666666667,0.08449407407407414
2019-03-21,0.44912280701754387,0.0447143859649123
2019-03-22,0.5090252707581228,0.09062527075812273
2019-03-23,0.4840989399293286,0.07279893992932865
2019-03-24,0.5547169811320755,0.13307924528301895
2019-03-25,0.5173611111111112,0.12226493055555553
2019-03-26,0.4927007299270073,0.08040693430656932
2019-03-27,0.5125448028673835,0.06723727598566308
2019-03-28,0.5481481481481482,0.1387733333333333
2019-03-29,0.5195729537366548,0.11413380782918144
2019-03-30,0.5323741007194245,0.09031330935251805
2019-03-31,0.5521235521235521,0.13273822393822396
2019-04-01,0.6350877192982456,0.22709473684210535
2019-04-02,0.5095057034220533,0.12671330798479077
2019-04-03,0.6151079136690647,0.18621438848920863
2019-04-04,0.5338078291814946,0.1508035587188611
2019-04-05,0.4874551971326165,0.0835437275985663
2019-04-06,0.5272727272727272,0.1434669090909092
2019-04-07,0.5880149812734082,0.19554943820224718
2019-04-08,0.5620437956204379,0.11326751824817516
2019-04-09,0.5151515151515151,0.09433181818181818
2019-04-10,0.45454545454545453,0.07775378787878787
2019-04-11,0.48375451263537905,0.04255523465703973
2019-04-12,0.5949820788530465,0.2002483870967741
2019-04-13,0.5490909090909091,0.1642647272727273
2019-04-14,0.5481481481481482,0.1566925925925926
2019-04-15,0.534965034965035,0.13795804195804193
2019-04-16,0.4835164835164835,0.07290109890109889
2019-04-17,0.5342960288808665,0.15621696750902508
2019-04-18,0.5390334572490706,0.10468438661710046
2019-04-19,0.5972696245733788,0.22615597269624563
2019-04-20,0.5054545454545455,0.08482909090909092
2019-04-21,0.5444444444444444,0.1270974074074074
2019-04-22,0.37218045112781956,-0.04086052631578946
2019-04-23,0.41353383458646614,-0.024621804511278243
2019-04-24,0.4810606060606061,0.048577651515151504
2019-04-25,0.4981949458483754,0.038825992779783366
2019-04-26,0.48028673835125446,0.06221577060931901
2019-04-27,0.5403508771929825,0.13651087719298247
2019-04-28,0.5378787878787878,0.1342174242424242
2019-04-29,0.5126353790613718,0.08202707581227435
2019-04-30,0.4852941176470588,0.09683492647058826
2019-05-01,0.516245487364621,0.08016281588447648
2019-05-02,0.5355805243445693,0.11582584269662921
2019-05-03,0.5212765957446809,0.10872943262411344
2019-05-04,0.5403508771929825,0.14602
2019-05-05,0.5458015267175572,0.141842748091603
2019-05-06,0.42402826855123676,-0.015789752650176677
2019-05-07,0.4532871972318339,0.026994463667820056
2019-05-08,0.4856115107913669,0.06966115107913667
2019-05-09,0.42402826855123676,-0.022046289752650213
2019-05-10,0.4981949458483754,0.0891198555956679
2019-05-11,0.475,0.07441285714285717
2019-05-12,0.4963235294117647,0.08690551470588236
2019-05-13,0.3025830258302583,-0.19590258302583025
2019-05-14,0.37681159420289856,-0.11690978260869563
2019-05-15,0.3935018050541516,-0.06714440433213002
2019-05-16,0.4377224199288256,-0.01568576512455513
2019-05-17,0.3951048951048951,-0.053471328671328686
2019-05-18,0.46715328467153283,0.027264598540145995
2019-05-19,0.4606741573033708,0.014220973782771531
2019-05-20,0.4583333333333333,0.0009013888888888683
2019-05-21,0.450354609929078,0.02991347517730496
2019-05-22,0.4758364312267658,0.04859776951672863
2019-05-23,0.3772893772893773,-0.09416849816849811
2019-05-24,0.4229390681003584,-0.04969426523297502
2019-05-25,0.47202797202797203,0.04729545454545449
2019-05-26,0.48698884758364314,0.07101338289962823
2019-05-27,0.45674740484429066,0.06204878892733571
2019-05-28,0.4740484429065744,0.07032733564013845
2019-05-29,0.5,0.060947080291970816
2019-05-30,0.45692883895131087,-0.013067790262172254
2019-05-31,0.3759124087591241,-0.11647956204379557
2019-06-01,0.5294117647058824,0.11070257352941179
2019-06-02,0.5535055350553506,0.1640070110701108
2019-06-03,0.46853146853146854,0.024575874125874114
2019-06-04,0.555956678700361,0.12888483754512628
2019-06-05,0.5949820788530465,0.13940358422939064
2019-06-06,0.4548736462093863,0.025833935018050515
2019-06-07,0.4838709677419355,0.06025483870967738
2019-06-08,0.5808823529411765,0.18330036764705876
2019-06-09,0.4703703703703704,0.05562037037037034
2019-06-10,0.48464163822525597,0.10461365187713309
2019-06-11,0.4889705882352941,0.08885441176470592
2019-06-12,0.4489051094890511,0.019023722627737234
2019-06-13,0.2690909090909091,-0.29561890909090927
2019-06-14,0.34065934065934067,-0.20383663003662994
2019-06-15,0.3490909090909091,-0.11184618181818184
2019-06-16,0.34519572953736655,-0.1212790035587187
2019-06-17,0.47735191637630664,0.045976655052264816
2019-06-18,0.4357142857142857,0.019682500000000002
2019-06-19,0.47101449275362317,0.03436630434782608
2019-06-20,0.49458483754512633,0.04705126353790614
2019-06-21,0.3533834586466165,-0.12636992481203005
2019-06-22,0.3905109489051095,-0.07312481751824815
2019-06-23,0.38652482269503546,-0.0647113475177305
2019-06-24,0.4064748201438849,-0.04582230215827338
2019-06-25,0.40569395017793597,-0.04409822064056938
2019-06-26,0.4581818181818182,0.012974181818181848
2019-06-27,0.4927536231884058,0.08599456521739135
2019-06-28,0.516728624535316,0.0890111524163569
2019-06-29,0.5631768953068592,0.15783682310469319
2019-06-30,0.5285171102661597,0.1505326996197719
2019-07-01,0.5451263537906137,0.13334837545126357
2019-07-02,0.46616541353383456,0.010871804511278215
2019-07-03,0.4568345323741007,0.09070107913669061
2019-07-04,0.44727272727272727,0.007401818181818198
2019-07-05,0.4296028880866426,-0.026726714801444014
2019-07-06,0.44964028776978415,0.05192230215827333
2019-07-07,0.4944237918215613,0.0723810408921933
2019-07-08,0.45390070921985815,0.0386212765957447
2019-07-09,0.5053763440860215,0.0794390681003584
2019-07-10,0.48134328358208955,0.059731716417910447
2019-07-11,0.33212996389891697,-0.09653321299638991
2019-07-12,0.37454545454545457,-0.0976876363636363
2019-07-13,0.5183823529411765,0.12666433823529413
2019-07-14,0.43703703703703706,0.007122592592592598
2019-07-15,0.5425531914893617,0.08241134751773052
2019-07-16,0.5,0.06752427536231886
2019-07-17,0.43006993006993005,0.0002150349650349565
2019-07-18,0.43820224719101125,0.0042430711610487335
2019-07-19,0.4222222222222222,-0.04650962962962957
2019-07-20,0.36666666666666664,-0.06379925925925926
2019-07-21,0.39097744360902253,-0.008347744360902281
2019-07-22,0.4007352941176471,-0.03397867647058823
2019-07-23,0.5017543859649123,0.040120350877193005
2019-07-24,0.5093632958801498,0.054155056179775285
2019-07-25,0.4354243542435424,0.009505904059040605
2019-07-26,0.5086505190311419,0.08689065743944634
2019-07-27,0.5390334572490706,0.15462936802973964
2019-07-28,0.47410358565737054,0.07910079681274904
2019-07-29,0.5270758122743683,0.1259357400722022
2019-07-30,0.5390070921985816,0.12266914893617016
2019-07-31,0.4358974358974359,0.021982051282051288
2019-08-01,0.45229681978798586,0.025028975265017683
2019-08-02,0.4601449275362319,0.026560144927536222
2019-08-03,0.5296167247386759,0.13840522648083625
2019-08-04,0.36186770428015563,-0.07220739299610897
2019-08-05,0.3904109589041096,-0.08205616438356171
2019-08-06,0.47619047619047616,0.046637728937728926
2019-08-07,0.45787545787545786,-0.007419047619047594
2019-08-08,0.5036496350364964,0.07708029197080292
2019-08-09,0.4929078014184397,0.07274893617021276
2019-08-10,0.525,0.08921499999999999
2019-08-11,0.552,0.12871479999999996
2019-08-12,0.5104166666666666,0.08600451388888883
2019-08-13,0.5,0.09883949275362319
2019-08-14,0.4280442804428044,-0.042653136531365286
2019-08-15,0.48188405797101447,0.022464130434782584
2019-08-16,0.4352517985611511,-0.010157553956834535
2019-08-17,0.48188405797101447,0.046579347826086956
2019-08-18,0.44528301886792454,0.025244905660377345
2019-08-19,0.43944636678200694,0.012800346020761253
2019-08-20,0.4856115107913669,0.07334892086330932
2019-08-21,0.45454545454545453,0.04385018181818182
2019-08-22,0.5181159420289855,0.04925507246376811
2019-08-23,0.41114982578397213,-0.04828675958188158
2019-08-24,0.5749128919860628,0.16162160278745635
2019-08-25,0.5634328358208955,0.13996492537313435
2019-08-26,0.42857142857142855,-0.004102380952380926
2019-08-27,0.5148148148148148,0.12235074074074075
2019-08-28,0.45255474452554745,0.006315693430656924
2019-08-29,0.4612546125461255,0.03691180811808121
2019-08-30,0.5437956204379562,0.15762408759124089
2019-08-31,0.5401459854014599,0.11850291970802918
2019-09-01,0.4785714285714286,0.02783214285714286
2019-09-02,0.38652482269503546,-0.049297872340425486
2019-09-03,0.4423791821561338,-0.055176579925650504
2019-09-04,0.5035971223021583,0.11649748201438853
2019-09-05,0.5303030303030303,0.12666856060606077
2019-09-06,0.5364963503649635,0.09642846715328465
2019-09-07,0.4584837545126354,0.037480866425992736
2019-09-08,0.5168539325842697,0.09285505617977532
2019-09-09,0.5555555555555556,0.16895053763440862
2019-09-10,0.4982456140350877,0.12494491228070168
2019-09-11,0.45185185185185184,0.00948814814814816
2019-09-12,0.4782608695652174,0.07804637681159424
2019-09-13,0.4787234042553192,0.051203191489361706
2019-09-14,0.24904214559386972,-0.24910957854406132
2019-09-15,0.14068441064638784,-0.5142958174904939
2019-09-16,0.12167300380228137,-0.4855399239543724
2019-09-17,0.23357664233576642,-0.3347423357664232
2019-09-18,0.2826086956521739,-0.22230724637681162
2019-09-19,0.38768115942028986,-0.1396307971014493
2019-09-20,0.3104693140794224,-0.17396931407942234
2019-09-21,0.3490909090909091,-0.12460072727272728
2019-09-22,0.3888888888888889,-0.04611592592592596
2019-09-23,0.3971119133574007,-0.03018555956678701
2019-09-24,0.4473684210526316,-0.026065789473684195
2019-09-25,0.4618181818181818,0.01803018181818181
2019-09-26,0.4117647058823529,-0.041369485294117665
2019-09-27,0.44876325088339225,0.027701060070671385
2019-09-28,0.4894366197183099,0.05811267605633806
2019-09-29,0.4580152671755725,0.027366793893129755
2019-09-30,0.37142857142857144,-0.09796500000000001
2019-10-01,0.34397163120567376,-0.12247517730496463
2019-10-02,0.36496350364963503,-0.1015602189781022
2019-10-03,0.3971631205673759,-0.08051134751773047
2019-10-04,0.39285714285714285,-0.053109642857142814
2019-10-05,0.4416961130742049,-0.014473144876325096
2019-10-06,0.4777777777777778,0.06325222222222222
2019-10-07,0.4693140794223827,0.026114440433213
2019-10-08,0.475,0.05557821428571425
2019-10-09,0.45985401459854014,0.02835693430656936
2019-10-10,0.4855072463768116,0.029901811594202927
2019-10-11,0.3115942028985507,-0.18011739130434767
2019-10-12,0.4981684981684982,0.10457728937728941
2019-10-13,0.49264705882352944,0.0675
2019-10-14,0.5071942446043165,0.07327446043165463
2019-10-15,0.4712230215827338,0.0522046762589928
2019-10-16,0.4119718309859155,-0.03170704225352115
2019-10-17,0.48936170212765956,0.06576666666666667
2019-10-18,0.5124555160142349,0.07402384341637006
2019-10-19,0.5594405594405595,0.15791923076923092
2019-10-20,0.5390334572490706,0.1340208178438661
2019-10-21,0.4716312056737589,0.06305425531914896
2019-10-22,0.425,-0.004342499999999998
2019-10-23,0.46715328467153283,0.06203430656934305
2019-10-24,0.5304659498207885,0.11426093189964161
2019-10-25,0.4982078853046595,0.12347741935483869
2019-10-26,0.5232974910394266,0.08616845878136205
2019-10-27,0.48698884758364314,0.0739230483271375
2019-10-28,0.4842105263157895,0.05700070175438598
2019-10-29,0.5140845070422535,0.0853820422535212
2019-10-30,0.4746376811594203,0.030465942028985515
2019-10-31,0.41134751773049644,-0.015547872340425548
2019-11-01,0.4748201438848921,0.06500647482014386
2019-11-02,0.5071942446043165,0.10717230215827335
2019-11-03,0.6076923076923076,0.20911307692307704
2019-11-04,0.5338078291814946,0.16861423487544477
2019-11-05,0.4981132075471698,0.10493660377358498
2019-11-06,0.49818181818181817,0.092264
2019-11-07,0.51985559566787,0.08378736462093864
2019-11-08,0.5319148936170213,0.05275354609929076
2019-11-09,0.5035714285714286,0.10812607142857145
2019-11-10,0.44656488549618323,0.04328244274809159
2019-11-11,0.4859154929577465,0.06741338028169018
2019-11-12,0.49264705882352944,0.0887966911764707
2019-11-13,0.44981412639405205,0.04026877323420074
2019-11-14,0.4748201438848921,0.05629208633093528
2019-11-15,0.5503597122302158,0.15106115107913662
2019-11-16,0.4807017543859649,0.08979368421052634
2019-11-17,0.550561797752809,0.09071910112359545
2019-11-18,0.5137931034482759,0.11251448275862075
2019-11-19,0.5131086142322098,0.07058876404494384
2019-11-20,0.4509090909090909,0.05602472727272727
2019-11-21,0.5485074626865671,0.12966417910447758
2019-11-22,0.5017921146953405,0.08000681003584227
2019-11-23,0.42700729927007297,0.038535036496350365
2019-11-24,0.4701492537313433,0.05042798507462692
2019-11-25,0.5373665480427047,0.14303274021352316
2019-11-26,0.5551601423487544,0.138688256227758
2019-11-27,0.5123674911660777,0.11400353356890458
2019-11-28,0.5687732342007435,0.1434817843866171
2019-11-29,0.4681647940074906,0.05008501872659175
2019-11-30,0.5433962264150943,0.14370943396226415
2019-12-01,0.5236363636363637,0.12525927272727286
2019-12-02,0.5709342560553633,0.15924809688581304
2019-12-03,0.49070631970260226,0.05250483271375464
2019-12-04,0.5296296296296297,0.08458666666666668
2019-12-05,0.5225563909774437,0.07893984962406017
2019-12-06,0.5285171102661597,0.12270684410646386
2019-12-07,0.4784172661870504,0.06757625899280577
2019-12-08,0.5917602996254682,0.15529513108614232
2019-12-09,0.523972602739726,0.08170102739726029
2019-12-10,0.5,0.06426376811594202
2019-12-11,0.5888888888888889,0.15150592592592588
2019-12-12,0.5543478260869565,0.146254347826087
2019-12-13,0.5109489051094891,0.0970372262773723
2019-12-14,0.5410447761194029,0.15483805970149261
2019-12-15,0.5238095238095238,0.08809597069597071
2019-12-16,0.5972222222222222,0.22245868055555545
2019-12-17,0.5915492957746479,0.22638380281690149
2019-12-18,0.5714285714285714,0.17407642857142858
2019-12-19,0.5927272727272728,0.15638218181818184
2019-12-20,0.6289752650176679,0.21949187279151935
2019-12-21,0.48518518518518516,0.10431888888888889
2019-12-22,0.5992647058823529,0.19629705882352935
2019-12-23,0.5723905723905723,0.19367912457912462
2019-12-24,0.5205479452054794,0.12363321917808225
2019-12-25,0.44813278008298757,0.03108008298755188
2019-12-26,0.5413533834586466,0.12070263157894738
2019-12-27,0.5253623188405797,0.14997971014492759
2019-12-28,0.4909090909090909,0.05232290909090908
2019-12-29,0.43911439114391143,-0.003869741697416973
2019-12-30,0.5,0.06952142857142858
2019-12-31,0.4456140350877193,0.049797894736842124
2020-01-01,0.5304659498207885,0.1252878136200716
2020-01-02,0.555956678700361,0.1547288808664261
2020-01-03,0.2007042253521127,-0.42220809859154906
2020-01-04,0.3442028985507246,-0.19223985507246388
2020-01-05,0.3619402985074627,-0.11322425373134332
2020-01-06,0.2597864768683274,-0.28062206405693957
2020-01-07,0.4358974358974359,-0.052353113553113596
2020-01-08,0.3192307692307692,-0.23086307692307698
2020-01-09,0.4874551971326165,0.014987813620071682
2020-01-10,0.4767025089605735,0.033583154121863815
2020-01-11,0.43478260869565216,0.022768115942028985
2020-01-12,0.5214007782101168,0.05238599221789881
2020-01-13,0.46236559139784944,0.05282580645161291
2020-01-14,0.5257352941176471,0.11143602941176474
2020-01-15,0.4892086330935252,0.07228705035971222
2020-01-16,0.5543859649122806,0.18592315789473676
2020-01-17,0.5958188153310104,0.20866515679442507
2020-01-18,0.5730337078651685,0.1823973782771534
2020-01-19,0.5229007633587787,0.0993263358778626
2020-01-20,0.5298245614035088,0.1006463157894737
2020-01-21,0.45878136200716846,0.024635483870967746
2020-01-22,0.48214285714285715,0.04496750000000003
2020-01-23,0.45185185185185184,0.0031570370370370268
2020-01-24,0.49635036496350365,0.053087226277372286
2020-01-25,0.5514705882352942,0.14130441176470598
2020-01-26,0.6083650190114068,0.18480874524714816
2020-01-27,0.42214532871972316,-0.06528512110726649
2020-01-28,0.48175182481751827,0.03768138686131387
2020-01-29,0.4908424908424908,0.09712783882783879
2020-01-30,0.4332129963898917,0.0034097472924187514
2020-01-31,0.45263157894736844,-0.012606315789473691
2020-02-01,0.5755395683453237,0.1840697841726618
2020-02-02,0.4188679245283019,-0.022329056603773607
2020-02-03,0.3767605633802817,-0.06741549295774651
2020-02-04,0.539568345323741,0.1231053956834533
2020-02-05,0.4673913043478261,0.039326086956521726
2020-02-06,0.5183823529411765,0.09218897058823532
2020-02-07,0.47735191637630664,0.02604599303135889
2020-02-08,0.4909090909090909,0.07543272727272729
2020-02-09,0.4496124031007752,0.020002325581395346
2020-02-10,0.4930555555555556,0.03400208333333335
2020-02-11,0.5182481751824818,0.11730693430656934
2020-02-12,0.48872180451127817,0.07396090225563907
2020-02-13,0.4226415094339623,-0.030666037735849038
2020-02-14,0.5304659498207885,0.1507874551971325
2020-02-15,0.5342960288808665,0.13286281588447665
2020-02-16,0.5440613026819924,0.13654521072796927
2020-02-17,0.5088967971530249,0.05878540925266905
2020-02-18,0.46545454545454545,0.04574727272727274
2020-02-19,0.5427509293680297,0.13070669144981417
2020-02-20,0.4742647058823529,0.03998272058823535
2020-02-21,0.48727272727272725,0.08659381818181815
2020-02-22,0.55,0.1725867857142857
2020-02-23,0.5492424242424242,0.15230037878787892
2020-02-24,0.4349315068493151,0.00256095890410959
2020-02-25,0.3917910447761194,-0.09924552238805973
2020-02-26,0.40823970037453183,-0.05753970037453186
2020-02-27,0.3848797250859107,-0.10749347079037794
2020-02-28,0.3942652329749104,-0.0800197132616487
2020-02-29,0.44074074074074077,0.030678148148148184
2020-03-01,0.4372623574144487,-0.004759315589353554
2020-03-02,0.42662116040955633,-0.0018040955631399202
2020-03-03,0.5075187969924813,0.09116315789473689
2020-03-04,0.47619047619047616,0.0777234432234432
2020-03-05,0.44656488549618323,0.03167977099236639
2020-03-06,0.34686346863468637,-0.10818376383763836
2020-03-07,0.3772893772893773,-0.07925201465201466
2020-03-08,0.37254901960784315,-0.12764588235294116
2020-03-09,0.19784172661870503,-0.3886212230215827
2020-03-10,0.3041825095057034,-0.23774790874524704
2020-03-11,0.3258426966292135,-0.1754194756554307
2020-03-12,0.31954887218045114,-0.17532969924812025
2020-03-13,0.37407407407407406,-0.14164074074074062
2020-03-14,0.4244604316546763,-0.03315035971223022
2020-03-15,0.44525547445255476,0.00044890510948904905
2020-03-16,0.36200716845878134,-0.14292688172043014
2020-03-17,0.40441176470588236,-0.07438088235294121
2020-03-18,0.3795620437956204,-0.11695218978102169
2020-03-19,0.3467153284671533,-0.11580474452554744
2020-03-20,0.3522727272727273,-0.14905416666666668
2020-03-21,0.425531914893617,-0.0012588652482269673
2020-03-22,0.45318352059925093,-0.005403370786516854
2020-03-23,0.3879003558718861,-0.11010071174377224
2020-03-24,0.42805755395683454,-0.053414748201438794
2020-03-25,0.44727272727272727,0.003809090909090923
2020-03-26,0.4928571428571429,0.011755000000000015
2020-03-27,0.41353383458646614,-0.0379733082706767
2020-03-28,0.4352517985611511,0.004258273381294973
2020-03-29,0.475,-0.0010014285714285496
2020-03-30,0.32616487455197135,-0.1709967741935483
2020-03-31,0.4431818181818182,-0.04717954545454537
2020-04-01,0.3283582089552239,-0.19736604477611933
2020-04-02,0.3203125,-0.21167187499999987
2020-04-03,0.34962406015037595,-0.11890789473684203
2020-04-04,0.44696969696969696,-0.013802272727272748
2020-04-05,0.39768339768339767,-0.09471042471042465
2020-04-06,0.4052044609665427,-0.038827881040892145
2020-04-07,0.4423791821561338,0.015545724907063184
2020-04-08,0.3816793893129771,-0.06294809160305344
2020-04-09,0.4362934362934363,-0.013733204633204646
2020-04-10,0.4925373134328358,0.06589925373134331
2020-04-11,0.4908424908424908,0.069725641025641
2020-04-12,0.49818181818181817,0.04396472727272728
2020-04-13,0.42962962962962964,-0.03590296296296295
2020-04-14,0.42366412213740456,-0.030226335877862595
2020-04-15,0.2889733840304182,-0.1837680608365019
2020-04-16,0.3592592592592593,-0.12479666666666663
2020-04-17,0.45878136200716846,0.020749103942652326
2020-04-18,0.4245614035087719,0.017467368421052645
2020-04-19,0.462406015037594,0.008981954887218056
2020-04-20,0.19230769230769232,-0.3817053846153848
2020-04-21,0.16342412451361868,-0.40211050583657587
2020-04-22,0.29571984435797666,-0.25551906614785985
2020-04-23,0.29056603773584905,-0.22384490566037718
2020-04-24,0.4398496240601504,-0.013783834586466185
2020-04-25,0.4119718309859155,-0.038205633802816906
2020-04-26,0.3940520446096654,-0.07185427509293685
2020-04-27,0.39416058394160586,-0.07099306569343065
2020-04-28,0.41509433962264153,-0.07178415094339623
2020-04-29,0.4782608695652174,0.030689855072463787
2020-04-30,0.4022140221402214,-0.04444575645756452
2020-05-01,0.4084507042253521,-0.039708802816901374
2020-05-02,0.4646840148698885,0.03059293680297397
2020-05-03,0.4618320610687023,0.026365267175572523
2020-05-04,0.43617021276595747,-0.027751418439716374
2020-05-05,0.5330882352941176,0.11808014705882354
2020-05-06,0.5075187969924813,0.0636293233082707
2020-05-07,0.4618181818181818,0.020532363636363637
2020-05-08,0.5179856115107914,0.12052374100719433
2020-05-09,0.5392857142857143,0.14450714285714283
2020-05-10,0.48398576512455516,0.056565836298932394
2020-05-11,0.36298932384341637,-0.07032775800711741
2020-05-12,0.40148698884758366,-0.030980669144981418
2020-05-13,0.4894366197183099,0.08312535211267603
2020-05-14,0.3505535055350554,-0.0684158671586716
2020-05-15,0.45787545787545786,0.007670329670329678
2020-05-16,0.5409252669039146,0.14641779359430604
2020-05-17,0.44727272727272727,-0.011513454545454539
2020-05-18,0.5054945054945055,0.12527069597069596
2020-05-19,0.5257352941176471,0.09086507352941177
2020-05-20,0.47703180212014135,0.07791024734982337
2020-05-21,0.45387453874538747,0.02891660516605167
2020-05-22,0.425531914893617,0.028127304964539
2020-05-23,0.5448028673835126,0.15227096774193544
2020-05-24,0.5409252669039146,0.14882882562277583
2020-05-25,0.5130111524163569,0.11865018587360604
2020-05-26,0.4823943661971831,0.07828169014084504
2020-05-27,0.5412186379928315,0.10264623655913974
2020-05-28,0.4981684981684982,0.047216117216117216
2020-05-29,0.45907473309608543,0.020156583629893247
2020-05-30,0.5212765957446809,0.13629007092198583
2020-05-31,0.46296296296296297,0.03699444444444444
2020-06-01,0.46757679180887374,0.03355733788395905
2020-06-02,0.4522058823529412,0.037305514705882364
2020-06-03,0.49812734082397003,0.08892659176029964
2020-06-04,0.42124542124542125,-0.00041538461538461824
2020-06-05,0.45390070921985815,0.019007092198581557
2020-06-06,0.5268817204301075,0.14040681003584227
2020-06-07,0.44360902255639095,0.03556466165413534
2020-06-08,0.44565217391304346,0.08320760869565218
2020-06-09,0.45353159851301117,0.01968438661710038
2020-06-10,0.44649446494464945,0.015695571955719575
2020-06-11,0.39338235294117646,-0.020523897058823515
2020-06-12,0.48148148148148145,0.06607481481481484
2020-06-13,0.46564885496183206,0.06857671755725188
2020-06-14,0.44360902255639095,0.06756954887218042
2020-06-15,0.4336917562724014,-0.013449103942652323
2020-06-16,0.5182481751824818,0.09205255474452555
2020-06-17,0.4777777777777778,0.06399333333333337
2020-06-18,0.5092936802973977,0.12450260223048325
2020-06-19,0.6,0.22256981818181806
2020-06-20,0.49814126394052044,0.08868327137546476
2020-06-21,0.5169811320754717,0.10416301886792456
2020-06-22,0.5492957746478874,0.14977429577464785
2020-06-23,0.5287356321839081,0.14226475095785449
2020-06-24,0.417910447761194,-0.055790671641791016
2020-06-25,0.4583333333333333,0.026921590909090916
2020-06-26,0.5186567164179104,0.1202309701492537
2020-06-27,0.43703703703703706,0.02664888888888889
2020-06-28,0.5328467153284672,0.10040510948905117
2020-06-29,0.4367816091954023,0.026839463601532554
2020-06-30,0.45955882352941174,0.06236286764705882
2020-07-01,0.466403162055336,0.03465256916996046
2020-07-02,0.41832669322709165,-0.027933864541832682
2020-07-03,0.5205992509363296,0.14672284644194755
2020-07-04,0.4980694980694981,0.05871081081081079
2020-07-05,0.5303030303030303,0.09912121212121205
2020-07-06,0.5037037037037037,0.12616222222222226
2020-07-07,0.421875,0.003855078124999985
2020-07-08,0.5092936802973977,0.06393048327137549
2020-07-09,0.4621212121212121,0.08213295454545454
2020-07-10,0.4521072796934866,0.04421379310344827
2020-07-11,0.4645669291338583,0.10079724409448818
2020-07-12,0.5447470817120622,0.1590182879377431
2020-07-13,0.48616600790513836,0.03506363636363638
2020-07-14,0.4075471698113208,-0.024538113207547178
2020-07-15,0.5126353790613718,0.10349927797833935
2020-07-16,0.4094488188976378,0.0031803149606299294
2020-07-17,0.5390334572490706,0.16569776951672863
2020-07-18,0.5555555555555556,0.14525440613026816
2020-07-19,0.551094890510949,0.1513390510948907
2020-07-20,0.5114503816793893,0.08170496183206104
2020-07-21,0.5955056179775281,0.2234842696629212
2020-07-22,0.5037878787878788,0.07714469696969696
2020-07-23,0.49070631970260226,0.07725724907063196
2020-07-24,0.46153846153846156,0.03631684981684982
2020-07-25,0.5253623188405797,0.15186557971014492
2020-07-26,0.4716981132075472,0.10413849056603777
2020-07-27,0.4855072463768116,0.0760898550724638
2020-07-28,0.49110320284697506,0.0688729537366548
2020-07-29,0.4696969696969697,0.030996590909090894
2020-07-30,0.4419475655430712,-0.023535955056179746
2020-07-31,0.4797047970479705,0.01146457564575647
2020-08-01,0.5315985130111525,0.12466133828996281
2020-08-02,0.4542124542124542,0.043341758241758226
2020-08-03,0.5132075471698113,0.10531207547169813
2020-08-04,0.48091603053435117,0.0680209923664122
2020-08-05,0.48698884758364314,0.048582527881040914
2020-08-06,0.5,0.07211571428571424
2020-08-07,0.4548872180451128,0.047268796992481196
2020-08-08,0.4784172661870504,0.08213992805755396
2020-08-09,0.4907749077490775,0.0954730627306273
2020-08-10,0.41767068273092367,-0.02942369477911651
2020-08-11,0.44015444015444016,0.0018579150579150592
2020-08-12,0.3730769230769231,-0.0737726923076923
2020-08-13,0.47794117647058826,0.038458455882352936
2020-08-14,0.444015444015444,0.013674517374517374
2020-08-15,0.48188405797101447,0.09073007246376814
2020-08-16,0.47191011235955055,0.04599625468164791
2020-08-17,0.4880952380952381,0.09713809523809523
2020-08-18,0.4811715481171548,0.051339748953974904
2020-08-19,0.47470817120622566,0.05671556420233461
2020-08-20,0.43983402489626555,-0.017192531120331915
2020-08-21,0.48363636363636364,0.0873076363636364
2020-08-22,0.5363984674329502,0.1378747126436783
2020-08-23,0.4416058394160584,0.029976642335766433
2020-08-24,0.48872180451127817,0.09809962406015042
2020-08-25,0.449438202247191,0.07247265917602995
2020-08-26,0.4600760456273764,0.019704182509505723
2020-08-27,0.3953488372093023,-0.06479224806201554
2020-08-28,0.49070631970260226,0.07855799256505579
2020-08-29,0.4866920152091255,0.04225931558935361
2020-08-30,0.4772727272727273,0.06887310606060605
2020-08-31,0.5424354243542435,0.16566568265682652
2020-09-01,0.5340909090909091,0.10941250000000004
2020-09-02,0.4528985507246377,0.0743452898550725
2020-09-03,0.4509090909090909,0.008508727272727274
2020-09-04,0.3905109489051095,-0.058247445255474366
2020-09-05,0.45652173913043476,0.05549673913043476
2020-09-06,0.44727272727272727,0.013271272727272751
2020-09-07,0.44765342960288806,-0.012765342960288788
2020-09-08,0.4157706093189964,0.012379569892473114
2020-09-09,0.37906137184115524,-0.09096895306859196
2020-09-10,0.44525547445255476,-0.004208029197080245
2020-09-11,0.4607142857142857,0.041038571428571424
2020-09-12,0.4416058394160584,-0.003314963503649655
2020-09-13,0.4490566037735849,0.021803396226415077
2020-09-14,0.5076335877862596,0.05705954198473282
2020-09-15,0.4868913857677903,0.0566438202247191
2020-09-16,0.47232472324723246,0.06799114391143912
2020-09-17,0.4311594202898551,0.05580797101449273
2020-09-18,0.524822695035461,0.1451177304964539
2020-09-19,0.5276752767527675,0.14044538745387464
2020-09-20,0.5018315018315018,0.12076153846153849
2020-09-21,0.4657039711191336,0.05167797833935017
2020-09-22,0.52,0.11102436363636367
2020-09-23,0.4868913857677903,0.07596779026217229
2020-09-24,0.4418604651162791,0.043887596899224814
2020-09-25,0.5163934426229508,0.11050573770491803
2020-09-26,0.4962121212121212,0.12120037878787882
2020-09-27,0.45849802371541504,0.0471094861660079
2020-09-28,0.5137254901960784,0.09142901960784316
2020-09-29,0.428,-0.002981200000000006
2020-09-30,0.4603174603174603,0.0695297619047619
2020-10-01,0.4609375,0.07031093750000003
2020-10-02,0.540650406504065,0.12134146341463418
2020-10-03,0.5656934306569343,0.15349489051094886
2020-10-04,0.4166666666666667,-0.0051844696969697126
2020-10-05,0.5877551020408164,0.19764163265306114
2020-10-06,0.5335968379446641,0.15351501976284582
2020-10-07,0.44782608695652176,0.058984347826086955
2020-10-08,0.5254237288135594,0.13646991525423727
2020-10-09,0.6008230452674898,0.21439547325102878
2020-10-10,0.4069767441860465,-0.013912403100775194
2020-10-11,0.5481481481481482,0.1442737037037036
2020-10-12,0.5441696113074205,0.17102261484098952
2020-10-13,0.48523206751054854,0.12599156118143456
2020-10-14,0.528957528957529,0.13005482625482626
2020-10-15,0.5207547169811321,0.10454377358490567
2020-10-16,0.5074626865671642,0.10139626865671644
2020-10-17,0.5660377358490566,0.1712667924528302
2020-10-18,0.5177865612648221,0.09477351778656129
2020-10-19,0.5335968379446641,0.13291462450592886
2020-10-20,0.5,0.13670581395348838
2020-10-21,0.5127118644067796,0.097696186440678
2020-10-22,0.5511111111111111,0.16760488888888883
2020-10-23,0.5042735042735043,0.08572435897435898
2020-10-24,0.512280701754386,0.11362315789473683
2020-10-25,0.5112781954887218,0.14369849624060146
2020-10-26,0.5330739299610895,0.08964902723735405
2020-10-27,0.5535055350553506,0.14074391143911438
2020-10-28,0.47601476014760147,0.06443136531365314
2020-10-29,0.48398576512455516,0.05859217081850533
2020-10-30,0.44787644787644787,0.005167953667953667
2020-10-31,0.5608856088560885,0.16729815498154987
2020-11-01,0.5443037974683544,0.1519375527426161
2020-11-02,0.5018587360594795,0.08322676579925642
2020-11-03,0.5627376425855514,0.12362053231939166
2020-11-04,0.6654545454545454,0.2900603636363638
2020-11-05,0.5745454545454546,0.2187665454545454
2020-11-06,0.5036496350364964,0.11948759124087595
2020-11-07,0.5633802816901409,0.1731158450704224
2020-11-08,0.5714285714285714,0.1643845559845559
2020-11-09,0.5427509293680297,0.15946765799256515
2020-11-10,0.6096654275092936,0.25577843866170996
2020-11-11,0.5970149253731343,0.2243115671641792
2020-11-12,0.5551470588235294,0.18101911764705872
2020-11-13,0.5785714285714286,0.20231250000000003
2020-11-14,0.5932835820895522,0.23198731343283568
2020-11-15,0.6294964028776978,0.23303057553956824
2020-11-16,0.5627376425855514,0.19058212927756657
2020-11-17,0.50187265917603,0.14923258426966293
2020-11-18,0.5765124555160143,0.18819857651245556
2020-11-19,0.5527272727272727,0.15541490909090908
2020-11-20,0.5880149812734082,0.19609101123595513
2020-11-21,0.5660377358490566,0.17608188679245268
2020-11-22,0.5992647058823529,0.19665441176470588
2020-11-23,0.5755102040816327,0.1884061224489796
2020-11-24,0.5849056603773585,0.2037920754716982
2020-11-25,0.5214007782101168,0.14091284046692604
2020-11-26,0.5509433962264151,0.2020664150943396
2020-11-27,0.45564516129032256,0.07741774193548384
2020-11-28,0.5735849056603773,0.17706301886792442
2020-11-29,0.56,0.18355272727272715
2020-11-30,0.5581395348837209,0.15979922480620154
2020-12-01,0.5572916666666666,0.13543333333333335
2020-12-02,0.5706214689265536,0.20744519774011297
2020-12-03,0.5739910313901345,0.17362242152466367
2020-12-04,0.5393258426966292,0.15431760299625458
2020-12-05,0.48161764705882354,0.033802941176470584
2020-12-06,0.5306859205776173,0.10998700361010826
2020-12-07,0.5375939849624061,0.1344052631578947
2020-12-08,0.5650557620817844,0.2032791821561338
2020-12-09,0.5871212121212122,0.2222340909090909
2020-12-10,0.5129151291512916,0.1604612546125462
2020-12-11,0.5708812260536399,0.20420613026819912
2020-12-12,0.6156716417910447,0.23150037313432822
2020-12-13,0.550561797752809,0.15449288389513113
2020-12-14,0.5155038759689923,0.1325550387596899
2020-12-15,0.5362903225806451,0.12930645161290322
2020-12-16,0.5440613026819924,0.17218965517241383
2020-12-17,0.5698529411764706,0.16630698529411778
2020-12-18,0.5568181818181818,0.18280530303030307
2020-12-19,0.5416666666666666,0.1722628787878786
2020-12-20,0.5661764705882353,0.1961573529411763
2020-12-21,0.553030303030303,0.14552878787878784
2020-12-22,0.46923076923076923,0.03077653846153843
2020-12-23,0.5057471264367817,0.06075593869731799
2020-12-24,0.5415162454873647,0.1940826714801445
2020-12-25,0.5990566037735849,0.24150518867924525
2020-12-26,0.5957446808510638,0.2069940425531914
2020-12-27,0.6095617529880478,0.20691235059760957
2020-12-28,0.540650406504065,0.18016666666666664
2020-12-29,0.5413533834586466,0.21056954887218066
2020-12-30,0.49034749034749037,0.07937567567567573
2020-12-31,0.5698529411764706,0.18954117647058819
2021-01-01,0.516728624535316,0.16312899628252786
2021-01-02,0.556390977443609,0.19652293233082715
2021-01-03,0.5060240963855421,0.09640803212851408
2021-01-04,0.5855513307984791,0.2044444866920153
2021-01-05,0.43824701195219123,0.027684063745019926
2021-01-06,0.45925925925925926,0.05579851851851852
2021-01-07,0.5714285714285714,0.17866409266409256
2021-01-08,0.5411764705882353,0.15470666666666671
2021-01-09,0.46875,0.10620820312500001
2021-01-10,0.5622489959839357,0.12738995983935744
2021-01-11,0.5879828326180258,0.1702703862660944
2021-01-12,0.5217391304347826,0.09943478260869569
2021-01-13,0.46875,0.06854583333333335
2021-01-14,0.5055350553505535,0.10233579335793362
2021-01-15,0.5740072202166066,0.17504007220216608
2021-01-16,0.5746606334841629,0.14149276018099555
2021-01-17,0.5702479338842975,0.14324958677685962
2021-01-18,0.4411764705882353,0.08596102941176464
2021-01-19,0.0,0.0
